url,locs
"https://github.com/30-seconds/30-seconds-of-code.git",335
"https://github.com/3521woj/inori-bot.git",891
"https://github.com/4geeksacademy/react-tutorial-exercises.git",13870
"https://github.com/6gawd/whatsfordinner3.git",0
"https://github.com/78/ssbc.git",0
"https://github.com/a-wing/webrtc-book-cn.git",0
"https://github.com/absolute-music/dblcore.js.git",477
"https://github.com/achrou/goindex-theme-acrou.git",0
"https://github.com/kotatu0047/webpack-test.git",0
"https://github.com/acornapps/cocktail-manual.git",0
"https://github.com/adarkazanli96/irated.git",461
"https://github.com/adityadalal4/coursera.github.io.git",409
"https://github.com/adrianhajdin/project_corona_tracker.git",0
"https://github.com/afenichel/engi4800-capstone.git",0
"https://github.com/affinelayer/pix2pix-tensorflow.git",0
"https://github.com/ahmedadelfahim/pull-demo.git",0
"https://github.com/hap-wi/roxy-wi.git",926
"https://github.com/airbnb/infinity.git",0
"https://github.com/ajerni/gatsby.git",477
"https://github.com/akclassic/crudmvc.git",891
"https://github.com/akretion/odooapps.git",0
"https://github.com/akshay23sept/akshay23sept.github.io.git",1558
"https://github.com/alephdata/aleph.git",0
"https://github.com/alexeykorkoza/credit-site-server.git",926
"https://github.com/alexfoxy/lax.js.git",447
"https://github.com/alexhsu1987/ev-moban.git",0
"https://github.com/alexkim205/g-desktop-suite.git",0
"https://github.com/alexmojaki/birdseye.git",0
"https://github.com/alexolary/01-first-project.git",0
"https://github.com/alfredjmg/node_js_rates_telegram_bot.git",0
"https://github.com/alidlorenzo/rogue.js.git",0
"https://github.com/allendcooper/butterfly.git",0
"https://github.com/amar-ronaldo/macro_program.git",0
"https://github.com/amaralc/hipeerlab-platform-fe.git",0
"https://github.com/amarpr/tugas_29_css.git",926
"https://github.com/amplitude/redux-query.git",0
"https://github.com/amruthpillai/reactive-resume.git",0
"https://github.com/anandsimmy/crown-clothing.git",15289
"https://github.com/andersonalmeida/desig-system-ta.git",0
"https://github.com/andi991/uas-pemweb-gabung.git",0
"https://github.com/andr3whur5t/react-native-keyboard-spacer.git",0
"https://github.com/andreassolberg/jso.git",0
"https://github.com/andrebit/ormbenchmark.git",926
"https://github.com/andrey-pryadko/frontend-project-lvl2.git",0
"https://github.com/postalsys/emailengine.git",0
"https://github.com/andy021/seniorproject.git",0
"https://github.com/andyedinborough/stress-css.git",0
"https://github.com/angelamutsumi/react5-studio-ghibli.git",
"https://github.com/angrysoft/homedaemon.git",0
"https://github.com/angular-redux/ng-redux.git",0
"https://github.com/aniket1298/blog_django.git",0
"https://github.com/ankhone/arc-dao-stack.git",0
"https://github.com/ankitkumarr/adventofcodesolutions.git",928
"https://github.com/anushahiremath/user-job-application.git",928
"https://github.com/anypoint-web-components/anypoint-dropdown-menu.git",0
"https://github.com/apachecn/apachecn-algo-zh.git",0
"https://github.com/apple/password-manager-resources.git",0
"https://github.com/applepance/codeforlearning.git",0
"https://github.com/ar-js-org/ar.js.git",0
"https://github.com/arnaucube/coffeeminer.git",890
"https://github.com/arschles/go-in-5-minutes.git",0
"https://github.com/arslan0510/node-api.git",923
"https://github.com/artilleryio/artillery.git",0
"https://github.com/artish1/yappapi.git",924
"https://github.com/arturaralin/node-susanin.git",0
"https://github.com/arturrusak/mothrer-app.git",0
"https://github.com/arytonex/glasscord.git",0
"https://github.com/as5908/next-basic.git",898
"https://github.com/asd-xiv/m.git",0
"https://github.com/ashikka/drumkit.git",477
"https://github.com/asrikumar2002/microsoft-devops-projects.git",0
"https://github.com/asunqingwen/meiduo.git",921
"https://github.com/atmonopoly51299/mattermost-sourcecode-edited.git",0
"https://github.com/atom-community/atom-script.git",0
"https://github.com/atom-community/sync-settings.git",0
"https://github.com/atom/atom.git",0
"https://github.com/atom/autocomplete-plus.git",0
"https://github.com/atom/markdown-preview.git",0
"https://github.com/atomic-orange/gatsby-starter-blog.git",0
"https://github.com/atomiks/tippyjs-react.git",0
"https://github.com/auliakbarh/hazardreporting.git",0
"https://github.com/avdhesh03/vidly-movie-list-app-.git",921
"https://github.com/awslabs/serverless-image-handler.git",0
"https://github.com/axios/axios.git",0
"https://github.com/ayushkr/clinicplusdsc.git",0
"https://github.com/azax25547/fcc-api-microservice.git",0
"https://github.com/babel/example-node-server.git",0
"https://github.com/babybuddy/babybuddy.git",0
"https://github.com/babychh/altas.git",0
"https://github.com/backfood/-js-.git",921
"https://github.com/basir/node-react-ecommerce.git",0
"https://github.com/beautifulinteractions/beautiful-react-diagrams.git",0
"https://github.com/benlansdell/compneurointro.git",0
"https://github.com/beryjay/account.git",919
"https://github.com/bhattcharyacodes/tr.git",919
"https://github.com/bigskysoftware/htmx.git",0
"https://github.com/bilibili-helper/bilibili-helper-o.git",0
"https://github.com/binhle87/loopback3-core.git",0
"https://github.com/bioplatformsaustralia/bpaotu.git",0
"https://github.com/bkrajinovic/react-table-app.git",920
"https://github.com/bloggify/github-calendar.git",0
"https://github.com/bobzz-zone/documentmanager.git",914
"https://github.com/bognole/doombot.git",914
"https://github.com/brandonlilly/docker-test.git",0
"https://github.com/breathehr/quarterly_meeting.git",0
"https://github.com/bridge-school/bridge-applications-8-frontend.git",0
"https://github.com/bridgetklingler/jcp_payroll.git",0
"https://github.com/britecharts/britecharts.git",0
"https://github.com/broofa/mime.git",0
"https://github.com/brown-university-library/disa_dj_project.git",0
"https://github.com/brpaz/netlify-faunadb-example.git",
"https://github.com/bryan2893/front-jehova-jireth-manager.git",0
"https://github.com/buckinghamshire-digital-service/hr-service-desk-alpha.git",0
"https://github.com/burdirc/burd-archive.git",0
"https://github.com/bvrsilva1/cropping_react-native.git",898
"https://github.com/bydamar/firstportfolio.git",890
"https://github.com/byroncoder/graphql_adafruitio_data.git",0
"https://github.com/camismacho/programs.git",0
"https://github.com/capnmidnight/calla.git",0
"https://github.com/carbon-app/carbon.git",0
"https://github.com/carmensantoro/pomodo.git",0
"https://github.com/caro-classroom/h5p-extended-accessibility-formats.git",0
"https://github.com/ccanning2/multi-docker.git",0
"https://github.com/cd2/expresswills.git",
"https://github.com/cd2/tankreplacementservices.git",
"https://github.com/cdking007/chirags-blog.git",0
"https://github.com/celesteyoung/birthday.git",890
"https://github.com/centipede5/bluetooh-developer-app.git",0
"https://github.com/cesiumgs/cesium.git",0
"https://github.com/cesiumgs/obj2gltf.git",0
"https://github.com/chakra-core/chakracore.git",0
"https://github.com/chakra-ui/chakra-ui-vue.git",0
"https://github.com/changemakerstudios/papercut-smtp.git",0
"https://github.com/chenyangliuuu/wow2.git",468
"https://github.com/chimalexoficial/angulartarea.git",
"https://github.com/chinhphan099/blogspot.git",0
"https://github.com/chinwailun/talkabout.git",0
"https://github.com/chrisfenton1/travellingsalesman.git",0
"https://github.com/chrisft25/whatsapp_twilio.git",890
"https://github.com/christocarr/sibi-activity-search-v3.git",0
"https://github.com/chriszhangusc/soundnode-redux.git",0
"https://github.com/chunisama/identifying-music-genres.git",0
"https://github.com/ciaochaos/qrbtf.git",0
"https://github.com/cityscope/cs_cityscopejs.git",0
"https://github.com/clarencetee/myreads.git",0
"https://github.com/clemsonchoirs/website.git",0
"https://github.com/cllane/hotel.git",0
"https://github.com/codeceptjs/codeceptjs.git",0
"https://github.com/codekissvarna/controlpanel.git",920
"https://github.com/coffe1891/frontend-hard-mode-interview.git",0
"https://github.com/cohort5-game-final-project/game.git",0
"https://github.com/colemars/devcontra-client.git",0
"https://github.com/colesnyder/colesnyder.github.io.git",0
"https://github.com/connormulqueen/mechanical-squirrel.git",0
"https://github.com/copperfield013/deprecated_datacenter.git",0
"https://github.com/corbifex/lisk-roulette.git",0
"https://github.com/corderogerardo/app-ionic-ios.git",0
"https://github.com/courajs/recurse-graph-wiki.git",0
"https://github.com/covid19india/covid19india-react.git",0
"https://github.com/crowdbotics-apps/life-changer-3736.git",0
"https://github.com/cruglobal/react-conf-registration-web.git",0
"https://github.com/cruisebrantley/skynet.git",0
"https://github.com/cs17b011/mindsprint.git",0
"https://github.com/cteamx/thief.git",0
"https://github.com/cuckoosandbox/cuckoo.git",0
"https://github.com/cudek/pegaz-user-friendly.git",920
"https://github.com/cuong1997565/tuanvu9955-gmail.com.git",0
"https://github.com/cyzcyzz/image_sync.git",920
"https://github.com/dallmoon/scriptsword.git",920
"https://github.com/dan2d/web-dev-portfolio.git",0
"https://github.com/danfyfe/donde_front_end.git",0
"https://github.com/danilosalvador/rocketseat-bootcamp-gostack-11-level-01-class-backend.git",0
"https://github.com/dannybarker/hair-shop-cap.git",0
"https://github.com/daovanphi25051994/case_study_order_manage.git",0
"https://github.com/datopian/datapipes.git",0
"https://github.com/daureg/fullstackopen-exercises.git",0
"https://github.com/dazzed/crypto_basket_fe.git",0
"https://github.com/db-tax-wealth/mainsite.git",0
"https://github.com/dbd-random-perk/dbd-random-perk.github.io.git",920
"https://github.com/dc-js/dc.js.git",0
"https://github.com/debz9/excise_department.git",897
"https://github.com/defunkt/facebox.git",0
"https://github.com/dermyhughes/gatsby-ghost-blog.git",0
"https://github.com/derzyklop/angular.git",897
"https://github.com/desmondtoyus/gatsby-contentful-starter.git",0
"https://github.com/devdiogofelipe/curso-bootstrap.git",
"https://github.com/developit/redaxios.git",0
"https://github.com/developit/web-worker.git",0
"https://github.com/devgateway/amp-offline.git",0
"https://github.com/dictadata/storage-etl.git",0
"https://github.com/diiegosa/gostack-desafio-conceitos-react-native.git",890
"https://github.com/dillonzq/loveit.git",0
"https://github.com/dinerojs/dinero.js.git",0
"https://github.com/disease-sh/api.git",0
"https://github.com/distillpub/post--grand-tour.git",0
"https://github.com/diyhue/diyhue.git",0
"https://github.com/dkurzmann/coding-dojo.git",890
"https://github.com/dmeedev/builderbookclone.git",0
"https://github.com/dmgaspar/weatherpockmontest.git",0
"https://github.com/domenic/chai-as-promised.git",0
"https://github.com/domenic/sinon-chai.git",0
"https://github.com/domestos002/vacation-schedule.git",0
"https://github.com/donggyushin/rlog-client.git",0
"https://github.com/doudoufans/antddemo.git",890
"https://github.com/dqdq4197/react-baseballgame.git",
"https://github.com/dsharath/identify-fraud-from-enron-email.git",890
"https://github.com/dsl-toolkit/dsl-toolkit.git",0
"https://github.com/dudeofprosper/sonos.git",0
"https://github.com/duffwang/magicmirror.git",0
"https://github.com/durbs664/quarantine.git",891
"https://github.com/dylanagibb/portfolio-site.git",0
"https://github.com/dylanburkey/dylans-cms.git",0
"https://github.com/dynamoose/dynamoose.git",0
"https://github.com/earthengineering/earthweb.git",0
"https://github.com/ebeneshmarticlues/full-stack-web-development.git",0
"https://github.com/eckspecks/trust.git",0
"https://github.com/ecomplus/app-tiny.git",0
"https://github.com/edsu/anon.git",0
"https://github.com/elasticsearch-dump/elasticsearch-dump.git",0
"https://github.com/electerious/ackee.git",0
"https://github.com/electron/asar.git",0
"https://github.com/eleerogers/campsiter.git",0
"https://github.com/eliasj42/ui_demo_project.git",891
"https://github.com/elonlegan/paintleon.git",897
"https://github.com/emaestre/portfolio.git",0
"https://github.com/emanalzariey/2nd-project-udacity.git",0
"https://github.com/encubedlabs/blogtemplate.git",919
"https://github.com/scrapingboot/jspider.git",0
"https://github.com/entwicklerstube/babel-plugin-root-import.git",0
"https://github.com/enzymejs/enzyme.git",0
"https://github.com/ephalys/recipe-app.git",0
"https://github.com/erik-krogh/sudoslider.git",0
"https://github.com/ernestognw/ethereum_signature.git",0
"https://github.com/ethang19/jpfp-redo.git",0
"https://github.com/ethereum/remix-live-beta.git",0
"https://github.com/evergreen-ci/evergreen.git",0
"https://github.com/expressjs/express.git",0
"https://github.com/skystash/shard-docs.git",0
"https://github.com/facebook/create-react-app.git",0
"https://github.com/facebook/fbt.git",0
"https://github.com/facebook/react-native.git",0
"https://github.com/facebook/react.git",0
"https://github.com/facebookarchive/emitter.git",0
"https://github.com/facebookexperimental/recoil.git",0
"https://github.com/facebookresearch/fadernetworks.git",900
"https://github.com/facebookresearch/moco.git",927
"https://github.com/fb-chatreader/backend.git",0
"https://github.com/federicaspinelli/3dhop-evt2.git",0
"https://github.com/federico-taborda/polygon-laps.git",925
"https://github.com/feisty-flintstones/playground.git",0
"https://github.com/felixge/node-ar-drone.git",0
"https://github.com/femelo22/jogodacobrinha.git",782
"https://github.com/firebase/codelab-friendlychat-web.git",0
"https://github.com/flask-debugtoolbar/flask-debugtoolbar.git",0
"https://github.com/flyingcoder/sir-winx.git",0
"https://github.com/foliojs/pdfkit.git",0
"https://github.com/foolwood/dasiamrpn.git",885
"https://github.com/footasker/foodtaskerapp.git",885
"https://github.com/for-get/http-decision-diagram.git",0
"https://github.com/fossasia/pslab-desktop.git",0
"https://github.com/fossasia/x-mario-center.git",885
"https://github.com/francososa/glitchell.git",477
"https://github.com/franmaster/retomagneto.git",0
"https://github.com/fredsantos101/biggeo.git",0
"https://github.com/freecodecamp/freecodecamp.git",0
"https://github.com/frfahim/twitter-analyst.git",885
"https://github.com/frodofarhani/react-starter-kit.git",0
"https://github.com/fsa-team-8/fetch.git",0
"https://github.com/ftllove/react-blog.git",0
"https://github.com/fuadguluzade/forum-app-project2.git",0
"https://github.com/fullfacing/radio-ui.git",
"https://github.com/fullstorydev/grpcui.git",0
"https://github.com/fynyky/reactor.js.git",0
"https://github.com/gabbloquet/arbre-de-lespoir.git",0
"https://github.com/galaxicdrones/friendslauncher.git",0
"https://github.com/gangslee/momentum_clone_js.git",0
"https://github.com/gargchirag/balloon-pop.git",885
"https://github.com/gawesomebot/bot.git",0
"https://github.com/sudo-hemant/quizappreact.git",891
"https://github.com/genesisyeshua/pup-dbms-m3-2.git",889
"https://github.com/geoip-lite/node-geoip.git",0
"https://github.com/geonode/geonode.git",0
"https://github.com/gerywahyunugraha/bit-interview-prep.git",884
"https://github.com/fregante/ghosttext.git",0
"https://github.com/gitana/alpaca.git",0
"https://github.com/gka/chroma.js.git",0
"https://github.com/googlearchive/code-prettify.git",0
"https://github.com/googlechrome/web-vitals.git",0
"https://github.com/googlechromelabs/carlo.git",0
"https://github.com/grace-chopper/grace-chopper.git",0
"https://github.com/graphql-community/koa-graphql.git",0
"https://github.com/gre/diaporama.git",0
"https://github.com/greaspace-beijing/fabric-samples.git",0
"https://github.com/gt4w-consultoria/vue-form-generator-gt4w.git",0
"https://github.com/gul-e-hasnain/js-assignment.git",884
"https://github.com/guo-yu/douban.fm.git",0
"https://github.com/guptabhavana08/headstocks.git",0
"https://github.com/gustavocunhalacerda/estruturadedadospython.git",886
"https://github.com/gustavoernandes/gatsby-starter-netlify-cms.git",0
"https://github.com/hakimel/reveal.js.git",0
"https://github.com/halasa24/ptsgenapprod.git",886
"https://github.com/hanafiantho/fe_cermati.git",0
"https://github.com/handlebars-lang/handlebars.js.git",0
"https://github.com/hardboyyy/chat-app.git",890
"https://github.com/harrychang30/nodeciudemy.git",0
"https://github.com/hdoshi2/money-mapper.git",0
"https://github.com/hdtyler/multi-docker.git",782
"https://github.com/heather-fin/divergent-prototype.git",0
"https://github.com/hellocstar/connet.git",0
"https://github.com/hellozeronet/zeronet.git",0
"https://github.com/hemakumarreddy/phantomjs-node.git",825
"https://github.com/hemsinghlearninginfo/hps-1.0.0.git",0
"https://github.com/hengxiaoqu/jeesite.git",0
"https://github.com/henriqueok20/galenapp.git",0
"https://github.com/herry-k/jitsi-meet-in.git",0
"https://github.com/higor369/calculadora-react.git",825
"https://github.com/hlp-pls/face-api-recordsound-capture.git",782
"https://github.com/hoangle4/trans4mationnow.git",0
"https://github.com/hoanthptvn/shopping.git",782
"https://github.com/hr-koala/tic-tac-toe.git",0
"https://github.com/hsellik/in4331-web-data-management.git",0
"https://github.com/hubotio/hubot.git",0
"https://github.com/humayunirshad692727hl/ems.git",782
"https://github.com/hypercore-protocol/hypercore.git",0
"https://github.com/hypercore-protocol/hyperdrive.git",0
"https://github.com/hyperledger-archives/composer.git",0
"https://github.com/i3bar/core.git",0
"https://github.com/ibm/plex.git",11749
"https://github.com/ibrahimkholil6210/chap-app-socket-io.git",825
"https://github.com/icoretech/spesabot-client.git",0
"https://github.com/iddoeldor/frida-snippets.git",0
"https://github.com/igorth/back-end-be-the-hero.git",0
"https://github.com/ilenin/conceito-reactjs.git",
"https://github.com/inab/openebench_scientific_visualizer.git",0
"https://github.com/ines/termynal.git",0
"https://github.com/infobyte/faraday.git",0
"https://github.com/ipfs-inactive/js-ipfs-http-client.git",0
"https://github.com/iridiumsoft/crypto-python.git",825
"https://github.com/ironman12345678/pro-c24.git",825
"https://github.com/ivnosing/tic-tac-toe.git",0
"https://github.com/izuharaaa/gatsby-starter-blog.git",0
"https://github.com/j-poulter/whats-new.git",0
"https://github.com/j4dream/cs-table.git",0
"https://github.com/jaames/iro.js.git",0
"https://github.com/jacekv/bip39.git",0
"https://github.com/jaesukhwang/patstagram.git",0
"https://github.com/jasonfleming1/princessclicker.git",0
"https://github.com/jasonmayes/real-time-person-removal.git",0
"https://github.com/jaxonion/noteful-server.git",0
"https://github.com/jdej/uop-backend.git",0
"https://github.com/jeremiahjstanley/pet-shelter-api.git",0
"https://github.com/jeremiahtenbrink/portfolio-jerga.git",0
"https://github.com/jeremyckahn/shifty.git",0
"https://github.com/jerryliu12/cs185-nonreact.git",825
"https://github.com/jfcon/food-pickup-app.git",0
"https://github.com/jhansinagasaisurekha/toppr_web.git",
"https://github.com/jhipster/generator-jhipster.git",0
"https://github.com/jhnns/rewire.git",0
"https://github.com/jiangyouxin/gae_uploader.git",825
"https://github.com/jicaiming/qixiang.git",0
"https://github.com/jimmymac387/release-based-workflow.git",0
"https://github.com/jitsi/jitsi-meet-electron.git",0
"https://github.com/jlbyrne/alamo_challenge.git",0
"https://github.com/jlongster/electron-with-server-example.git",0
"https://github.com/jlwalkerlg/bookable.git",0
"https://github.com/jly8866/archer.git",0
"https://github.com/jo-tbhac/reach.git",0
"https://github.com/joaokurtz/v1.0.git",0
"https://github.com/joaquinbeceiro/node-api-basic-architecture.git",825
"https://github.com/joefitzgerald/go-plus.git",0
"https://github.com/jonathan-meyer/regular-expert.git",0
"https://github.com/jordansinger/hook.git",0
"https://github.com/jordantai/be-nc-news.git",0
"https://github.com/jorgegallegosms/tenor-search.git",296
"https://github.com/jorisnijkamp1/apprend.git",0
"https://github.com/josh-cook/challenge-generator.git",0
"https://github.com/joshtom/contact-list-app.git",0
"https://github.com/joshwcomeau/use-sound.git",0
"https://github.com/jpinedev/tilemap-maker.git",0
"https://github.com/jquery/jquery.git",0
"https://github.com/jschwantz/frozen-island.git",0
"https://github.com/jsfiddle/togetherjs.git",0
"https://github.com/jsh612/test_hook2.git",0
"https://github.com/jsx-eslint/eslint-plugin-jsx-a11y.git",0
"https://github.com/julia-catalano/stoop.git",0
"https://github.com/juliagr75/caviss.git",825
"https://github.com/junaid33/opensource.builders.git",0
"https://github.com/kevyntaylor/projectapp.git",296
"https://github.com/justadamhopkins/notelifymyself.git",0
"https://github.com/jwilld/node-weather-app.git",296
"https://github.com/jwngr/sdow.git",0
"https://github.com/jyon124/scrapbook_frontend.git",0
"https://github.com/jzecca/color-curve-adjust.git",117
"https://github.com/k0kubun/nocturn.git",0
"https://github.com/kaikkitietokoneista/searx-api.git",117
"https://github.com/karan-monga/baysbook.git",0
"https://github.com/karanchahal/doodlemaster.git",0
"https://github.com/karlfunhouse/overlook.git",0
"https://github.com/karlhadwen/netflix.git",0
"https://github.com/karma-runner/karma-coverage.git",0
"https://github.com/kaweesa01/dom-array.git",117
"https://github.com/kbrln/pi-opencv.git",117
"https://github.com/kcummings1/fit-conditions.git",0
"https://github.com/kernsjn/tv-guide.git",0
"https://github.com/kevinlosada/cen4010-group17.git",0
"https://github.com/khairmuhammad-ybh/nspayslipmanager.git",0
"https://github.com/khanhnqps10920/simple-todo-app.git",0
"https://github.com/kickscondor/fraidycat.git",0
"https://github.com/kimchi-project/kimchi.git",0
"https://github.com/kiriti999/techstack21.git",0
"https://github.com/kjschwoerke/sql_react_practice.git",117
"https://github.com/kkvanonymous/typing-speed-tester.git",117
"https://github.com/kmfe/threejs-tutorial.git",0
"https://github.com/kokabaskary/seleniumpythonframework.git",144
"https://github.com/koresamuel/daily-algorithms.git",0
"https://github.com/kowaine/nonechat.git",0
"https://github.com/krishnajha25/tourist.git",0
"https://github.com/kstonekuan/ground-zero-backend-demo.git",0
"https://github.com/kumajogo/1-4_presents.git",0
"https://github.com/kunal-kp/travis-ci-test.git",0
"https://github.com/kunlejelili/real.covid-19-estimator.git",0
"https://github.com/kureev/react-native-side-menu.git",0
"https://github.com/kvinchon/wsf-react.git",0
"https://github.com/kyleamathews/typography.js.git",0
"https://github.com/l20n/l20n.js.git",0
"https://github.com/labs13-sauti-studio/sauti-studio-fe-v2.git",0
"https://github.com/labs13-sauti-studio/sauti-studio-fe.git",0
"https://github.com/lamarmarshall/date-rest.git",0
"https://github.com/lambda-school-labs/buddy-app-be.git",0
"https://github.com/lampardm/noodles-admin.git",0
"https://github.com/lancehamilton24/bewell-in-school.git",0
"https://github.com/lanistor/react-keeper.git",0
"https://github.com/lanqiaoqaq/cloudmusic.git",0
"https://github.com/laravel/telescope.git",1559
"https://github.com/larserikfinholt/gatsby-starter-netlify-cms.git",0
"https://github.com/laserbeam2045/avalon.git",0
"https://github.com/lbryio/lbry-desktop.git",0
"https://github.com/learn-co-students/fewpjs-event-listening-den01-seng-ft-051120.git",0
"https://github.com/learn-co-students/fewpjs-sending-data-with-fetch-re-coded_istanbul_web003.git",0
"https://github.com/learn-co-students/hogwarts-london-web-career-042219.git",0
"https://github.com/learn-co-students/js-advanced-functions-generalized-map-and-reduce-lab-online-web-pt-090919.git",0
"https://github.com/learn-co-students/js-basics-strings-code-along-atlanta-web-033020.git",0
"https://github.com/learn-co-students/map-dispatch-to-props-lab-onl01-seng-pt-100619.git",0
"https://github.com/learn-co-students/map-state-to-props-lab-nyc-web-082619.git",0
"https://github.com/learn-co-students/react-async-fetch-lab-nyc-web-033020.git",0
"https://github.com/learn-co-students/react-component-mounting-and-unmounting-lab-austin-web-012720.git",0
"https://github.com/learn-co-students/react-component-mounting-and-unmounting-lab-re-coded_sanaa_web001.git",0
"https://github.com/learn-co-students/react-dynamic-components-lab-seattle-web-career-042219.git",0
"https://github.com/learn-co-students/react-pokemon-searcher-teacher-onboarding.git",0
"https://github.com/learn-co-students/react-presentation-components-lab-online-web-pt-090919.git",0
"https://github.com/learn-co-students/react-presentation-components-lab-seattle-web-082619.git",0
"https://github.com/leeluolee/puer.git",0
"https://github.com/lelefs/cronometro.git",0
"https://github.com/leonelnm/git-expert-app-react.git",0
"https://github.com/leonmanrolls/babylonjs-experiments.git",117
"https://github.com/levischouten/hackday-math.git",0
"https://github.com/linkstrifer/make-it-real-todo-test.git",117
"https://github.com/lippforapec/lipp_original.git",0
"https://github.com/lizzyhanna/hr_application.git",0
"https://github.com/localtunnel/localtunnel.git",0
"https://github.com/logandk/serverless-wsgi.git",0
"https://github.com/longc1019i1/angular_practice.git",0
"https://github.com/lprendergast/tracker-app-front-end-react-native.git",0
"https://github.com/luigi-fontana/js-jq-ajax-grigliaquad.git",117
"https://github.com/luisb0992/distribuidoragenesis.git",0
"https://github.com/lukeed/uvu.git",0
"https://github.com/lukejacksonn/react-slack-clone.git",0
"https://github.com/lunafidalgo/wesbos-advanced-react-course.git",0
"https://github.com/luongcaoduc/task-manager.git",117
"https://github.com/luoxue-victor/workflow.git",0
"https://github.com/lxycreate/coupon-system.git",0
"https://github.com/macias67/crm-tiendapaq.git",0
"https://github.com/maecchiato/cffbrkwb.git",0
"https://github.com/maggoten/jsonservercgivisitkort.git",0
"https://github.com/magicstack/magicpython.git",0
"https://github.com/maksim-vi/eco-store.git",0
"https://github.com/mama00/airdurms.git",117
"https://github.com/mandatoryprogrammer/cursedchrome.git",0
"https://github.com/manojlcode1985/alien-invasion-game.git",117
"https://github.com/maramahmad93/fitness-gym-website.git",0
"https://github.com/marcelo8173/project-nodejs-reactjs.git",0
"https://github.com/marerm27/biddingsimulator.git",
"https://github.com/mark-myzhao/snickr.git",0
"https://github.com/martialblot/chatbubble.git",0
"https://github.com/masiahx/memory-game.git",0
"https://github.com/masko-vl/sports_shop_fullstack.git",0
"https://github.com/matgomes/scheduler_problem.git",296
"https://github.com/mathiasbynens/esrever.git",0
"https://github.com/matiase9/burger-menu.git",0
"https://github.com/matmar10/protractor-cucumber-slices.git",0
"https://github.com/matscube/react-tutorial-stone-game.git",0
"https://github.com/matt-esch/virtual-dom.git",0
"https://github.com/matthewgao/f5-steganography.git",394
"https://github.com/mattpeet/matt-peet-illustration.git",0
"https://github.com/maxharlow/scrape-whos-who.git",0
"https://github.com/maxogden/cool-ascii-faces.git",0
"https://github.com/mechio/takana.git",0
"https://github.com/megvii-nanjing/ml-gcn.git",825
"https://github.com/mehrdadzakershahrak/robot-management-application.git",0
"https://github.com/meixiang474/12.connect.git",0
"https://github.com/meng19910817/learnvuejs.git",0
"https://github.com/mermaidjs/mermaid.cli.git",0
"https://github.com/mert1980/react-ex1-passingdata.git",
"https://github.com/meteor/meteor.git",0
"https://github.com/mgmxru/app.git",0
"https://github.com/michaelm1999/personal-investment-tracker.git",0
"https://github.com/michaelyonkman/reciperoost.git",0
"https://github.com/mifi/editly.git",0
"https://github.com/mike-r-carey/flask-template.git",825
"https://github.com/mikebryant/ac-nh-turnip-prices.git",0
"https://github.com/milosmalesevic90/domaciitbootcamp.git",0
"https://github.com/mimitch2/advancedreact.git",0
"https://github.com/mishoo/uglifyjs-old.git",0
"https://github.com/mitchellfox/preact-netlify.git",0
"https://github.com/miudit/gatsby-starter-netlify-cms.git",0
"https://github.com/mjatin-dev/golfangular.git",
"https://github.com/mmahdi2414/covid19-reporter.git",0
"https://github.com/mmesiti/slurmprio200428.git",0
"https://github.com/mmintel/gatsby-tina-test.git",0
"https://github.com/mngyuan/personal-site-2015.git",0
"https://github.com/mobily-enterprises/best-webdriver.git",0
"https://github.com/mohamedtareque/kotoz.git",0
"https://github.com/momentum-team-1/js-problem-set-2-aaron-1453.git",825
"https://github.com/mongo-go/testdb.git",884
"https://github.com/monkemedia/trolifystorefrontdemo.git",0
"https://github.com/monmanuela/rona-v2.git",0
"https://github.com/monzo/response.git",0
"https://github.com/morungos/node-word-extractor.git",0
"https://github.com/mosmaall/todo-web.git",0
"https://github.com/motokikasai/react-router-location.git",0
"https://github.com/mozilla/pontoon.git",477
"https://github.com/mrdoob/three.js.git",0
"https://github.com/mrniktarasov/2019-2-atom-frontend-n-tarasov.git",0
"https://github.com/mrpossoms/solos.git",890
"https://github.com/mschuster/finanzkompass_prototype.git",0
"https://github.com/mtobeiyf/keras-flask-deploy-webapp.git",0
"https://github.com/muhammadhammadhanif/example.git",0
"https://github.com/munishbhagat16/github-actions-continuous-delivery.git",0
"https://github.com/muvari/jokerprincess.git",0
"https://github.com/muxik/javascripttetris.git",0
"https://github.com/muyijiaren/react-ssr.git",0
"https://github.com/mxflutter/mxflutter.git",17996
"https://github.com/mxmaslin/otus_web.git",0
"https://github.com/mxriverlynn/backbone.modelbinding.git",0
"https://github.com/myk1118/run_tracker.git",0
"https://github.com/mysmile/sfchat.git",0
"https://github.com/myvin/juejin.git",0
"https://github.com/n3tpil0s/databases2.git",890
"https://github.com/nadelladwi/siperpus.git",890
"https://github.com/nahuelarjonadev/lang-chat.git",0
"https://github.com/nakamura196/hpdb.git",
"https://github.com/nalbarr/hello-rasa-nlp-py.git",890
"https://github.com/namith-poojary/employee-referral.git",0
"https://github.com/nativoplatform/nativosdk-reactnative-sampleapp.git",0
"https://github.com/naveteam/saturn.git",0
"https://github.com/navtej92/conclave-web-app.git",
"https://github.com/nccgroup/demiguise.git",897
"https://github.com/nccgroup/house.git",0
"https://github.com/ncss/necsus.git",0
"https://github.com/neeraliacharya/musicspot.git",0
"https://github.com/negokaz/.atom.git",897
"https://github.com/neolp/itmplinkserverwsjs.git",897
"https://github.com/neuroradiology/insiderecaptcha.git",926
"https://github.com/newyork-anthonyng/super-rentals-ember-tutorial.git",0
"https://github.com/nhutnh95/demo-res.git",0
"https://github.com/nibble-network/pool.git",0
"https://github.com/nickdpz/mapas-recoleccion-iot.git",
"https://github.com/nicollasmatheus/react-native-victory-charts.git",0
"https://github.com/nikhil-dev13/contact-keeper.git",0
"https://github.com/nikitazirko/bug.git",926
"https://github.com/nilsborg/react-oz-ui-elements.git",0
"https://github.com/nimadorostkar/img-size.git",926
"https://github.com/ninaprins/actuarialpensionfundvaluation.git",926
"https://github.com/nitely/python-signals.git",926
"https://github.com/nizarkhsib/first-react-app.git",0
"https://github.com/nks-saini/restaurant.git",927
"https://github.com/nlrx-wjc/react-antd-admin-template.git",0
"https://github.com/nncl/viro-sample.git",927
"https://github.com/noandasan/smhmessager.git",0
"https://github.com/node-formidable/formidable.git",0
"https://github.com/node-pcap/node_pcap.git",0
"https://github.com/nodejs/citgm.git",0
"https://github.com/nodejs/node.git",0
"https://github.com/noflo/noflo.git",0
"https://github.com/nrosa01/pillventure.git",0
"https://github.com/nteract/hydrogen.git",0
"https://github.com/ntkme/github-buttons.git",0
"https://github.com/ntrios/gomarket.git",0
"https://github.com/nuxt/content.git",0
"https://github.com/nweniaung/migaku_markup.git",0
"https://github.com/nyancodeid/cat-galleries.git",928
"https://github.com/nylas/nylas-mail.git",0
"https://github.com/nylas/nylas-nodejs.git",0
"https://github.com/nzteb/socialpunishment.git",0
"https://github.com/oauth-io/oauthd.git",0
"https://github.com/objtube/front-end-roadmap.git",0
"https://github.com/octo-kumo/kumo-discord-bot.git",0
"https://github.com/odoo/odoo.git",0
"https://github.com/official-codaisseur-graduate/react-auth-server-admin.git",0
"https://github.com/olejiksa/crossword-creator-web.git",0
"https://github.com/openai/image-gpt.git",933
"https://github.com/operate-bsv/op_agent-js.git",0
"https://github.com/oscarleoo/zmartr.git",0
"https://github.com/oskarkrawczyk/heyoffline.git",0
"https://github.com/osmancalisir/memorygame.git",947
"https://github.com/otepiii/react-to-do-list.git",0
"https://github.com/overleaf/metrics-module.git",0
"https://github.com/ox15/ox15.github.io.git",0
"https://github.com/oxygem/kanmail.git",0
"https://github.com/pappas999/kingsland-blockchain-advanced-project.git",0
"https://github.com/papucho/gatsby-starter-netlify-cms.git",0
"https://github.com/paragkavar/imagecombine.git",949
"https://github.com/parallels/rq-dashboard.git",0
"https://github.com/pathakg028/bubblesort-js-ts.git",0
"https://github.com/patrickjs/angular-starter.git",0
"https://github.com/patrykmandrak/elpimwebsite.git",0
"https://github.com/paudel7/ml-project.git",948
"https://github.com/paulaguilar01/supportmebackend.git",951
"https://github.com/pauloskarsoe/esox-webstore.git",0
"https://github.com/perbaltzar/looper-trouper.git",0
"https://github.com/petermichaux/maria.git",0
"https://github.com/pgomez465/imlachchatt.git",0
"https://github.com/phantom-blue/phantom-blue.git",0
"https://github.com/phantom05/research-server.git",
"https://github.com/philc/vimium.git",0
"https://github.com/phobosllc/swagger-ui.git",0
"https://github.com/picholasnaridon/fcqa.git",0
"https://github.com/pikselpalette/jirascope.git",0
"https://github.com/pipedreamhq/pipedream.git",0
"https://github.com/piyushsk1996/demo_django_dash.git",879
"https://github.com/pizzooid/wohindasleben.git",0
"https://github.com/pkkim/rd.git",959
"https://github.com/planetfederal/qgis-webappbuilder-plugin.git",0
"https://github.com/pmscad/notetaker.git",0
"https://github.com/poloclub/cnn-explainer.git",0
"https://github.com/pomber/covid19.git",0
"https://github.com/poooi/plugin-battle-detail.git",0
"https://github.com/poooi/poi.git",0
"https://github.com/popphylotools/mvmapper.git",0
"https://github.com/postcss/autoprefixer.git",0
"https://github.com/potluck-planner-7-29-8-2/frontend.git",0
"https://github.com/powmedia/backbone-forms.git",0
"https://github.com/prashan9775/crud.git",377
"https://github.com/prettier/prettier-eslint.git",0
"https://github.com/princeadeyeye/teamwork.git",0
"https://github.com/prizey/prizey-web.git",0
"https://github.com/processing/p5.js.git",0
"https://github.com/proepidesenvolvimento/guardioes-web.git",0
"https://github.com/prograhammer/vue-pizza.git",0
"https://github.com/project-sharingweb/sharingweb-react.git",0
"https://github.com/proplex/projecttox-userdirectory.git",282
"https://github.com/psolom/richfilemanager.git",0
"https://github.com/pwnall/chromeview.git",282
"https://github.com/qiujun8023/ss-panel-server.git",0
"https://github.com/quemsah/itmo-labs-1.git",0
"https://github.com/quentinbay/configboobank.git",282
"https://github.com/r-darwish/whats-new-in-python3.git",0
"https://github.com/rafaasimi/flappy-bird.git",0
"https://github.com/rafaelangelramirez/control-de-produccion-api.git",0
"https://github.com/rahulnainwal107/parallaxheader.git",0
"https://github.com/raineorshine/npm-check-updates.git",0
"https://github.com/rama213/webapp.git",0
"https://github.com/rastapasta/mapscii.git",0
"https://github.com/ratt-ru/radiopadre.git",0
"https://github.com/rawgraphs/rawgraphs-app.git",0
"https://github.com/rbrtknwls/uofthacks7.git",0
"https://github.com/rcbyr/keen-slider.git",0
"https://github.com/react-ui-builder/structor.git",0
"https://github.com/rebeccaml/practice.git",0
"https://github.com/redspectrum/demo_blog.git",297
"https://github.com/redux-utilities/redux-actions.git",0
"https://github.com/reduxjs/redux-mock-store.git",0
"https://github.com/reduxjs/redux.git",0
"https://github.com/reginadiana/certificates-for-everyone-netlify.git",0
"https://github.com/rehkitzdev/input.git",297
"https://github.com/remirigal/jessymkdocs.git",297
"https://github.com/remoteinterview/zero.git",0
"https://github.com/renatotiago/front-remanejamento.git",297
"https://github.com/renesansz/release-based-workflow.git",0
"https://github.com/rhornbuckle3/boxofficebrain.git",
"https://github.com/riccardoscalco/textures.git",0
"https://github.com/riddsy/dubdub-sites.git",0
"https://github.com/rienafairefr/pynynab.git",0
"https://github.com/rionaldobagi/react-people.git",297
"https://github.com/rishpan/gatsby-starter-netlify-cms1.git",0
"https://github.com/rmdegeorge/forum_site.git",0
"https://github.com/rmit-s3488937-tyler-larrad/sysdevops.git",0
"https://github.com/robertbosse/carbon-custom-components.git",
"https://github.com/robertrantanen/fullstack.git",0
"https://github.com/robin8a/blogfinal.git",0
"https://github.com/rocketchat/rocket.chat.git",0
"https://github.com/rojasdali/monster-app.git",0
"https://github.com/royalrose123/royal_next.js.git",0
"https://github.com/rrojas88/redux-contenedor-logico.git",297
"https://github.com/rrstal/dsnd-twitter-disaster-response.git",297
"https://github.com/ruby0x1/realtime-multiplayer-in-html5.git",0
"https://github.com/rx-app/pang-react-router.git",0
"https://github.com/ryanclark/karma-webpack.git",0
"https://github.com/saadq/resumake.io.git",0
"https://github.com/saamerm/react-githubpage.git",0
"https://github.com/sagarkarira/coronavirus-tracker-cli.git",0
"https://github.com/saiashish9/expomealsapp.git",272
"https://github.com/sainan/universal-bypass.git",0
"https://github.com/salesforce/cloudsplaining.git",0
"https://github.com/salesmasters/salesmasters.github.io.git",0
"https://github.com/sanket0896/dsa-practice.git",272
"https://github.com/satrat/resume-parser.git",274
"https://github.com/sdsna/dashboards.sdgindex.org.git",
"https://github.com/seongjooon/blended-codingtest-common.git",0
"https://github.com/sergeilutsev/javascriptlerning.git",0
"https://github.com/sethaj/gatsby-example-tutorial.git",0
"https://github.com/shaaandi/advancednodejs_ci.git",0
"https://github.com/shaman05/fetool.git",0
"https://github.com/shanemikel/covid19safeplaces.git",273
"https://github.com/shanemiller89/codearchive.git",0
"https://github.com/shashikantfayke/github-actions-continuous-delivery.git",0
"https://github.com/shaunlebron/parinfer.git",0
"https://github.com/shawnwang66/pedwayapp.git",0
"https://github.com/shinygang/vue-cnodejs.git",0
"https://github.com/sidkwok/express-training.git",275
"https://github.com/simplecrawler/simplecrawler.git",0
"https://github.com/singhgurdip24/recipe-app-react.git",0
"https://github.com/sjimen13/sc.git",
"https://github.com/skhizerabass/fexmessenger.git",0
"https://github.com/skishore/makemeahanzi.git",0
"https://github.com/skkuse02/2019fall_42class_team1.git",0
"https://github.com/slkrishn/slate.git",0
"https://github.com/smpledvid/stockmarketnews.git",0
"https://github.com/smrchy/rsmq.git",0
"https://github.com/snapper67/hubot.git",279
"https://github.com/snowman03/discord.rss.git",
"https://github.com/snowpackjs/create-snowpack-app.git",0
"https://github.com/snowpackjs/snowpack.git",0
"https://github.com/socketio/engine.io.git",0
"https://github.com/sockjs/sockjs-node.git",0
"https://github.com/someshkar/covid19india-cluster.git",0
"https://github.com/sorellabs/fuck-you.git",0
"https://github.com/sotera/newman.git",0
"https://github.com/sparcs-kaist/otlplus.git",0
"https://github.com/speedlazer/speedlazer.git",0
"https://github.com/spelunkerdb/spelunker.git",279
"https://github.com/spothq/cryptocurrency-icons.git",0
"https://github.com/sroze/nginfinitescroll.git",0
"https://github.com/ssbc/ssb-server.git",0
"https://github.com/sslivka37/virtual-pets-amok.git",286
"https://github.com/stacklikemind/deepnude_official.git",296
"https://github.com/startbootstrap/startbootstrap-clean-blog.git",3396
"https://github.com/startbootstrap/startbootstrap-grayscale.git",3100
"https://github.com/staten-island-tech/js-objects-challenge-richardso21.git",296
"https://github.com/steelbrain/linter.git",0
"https://github.com/stereobooster/react-ideal-image.git",0
"https://github.com/stevenschobert/instafeed.js.git",0
"https://github.com/stitchfix/pyxley.git",0
"https://github.com/storiqateam/dashboard.git",0
"https://github.com/storybookjs/storybook.git",0
"https://github.com/straubcreative/niagara_falls_answers.git",0
"https://github.com/strujilloor/universidad-react.git",344
"https://github.com/stubbornella/oocss.git",0
"https://github.com/subnub/mydrive.git",0
"https://github.com/sumtype/code-fellows-coursework.git",0
"https://github.com/sungjaeeom/slate.git",0
"https://github.com/sunilmitra/luxekitchen.git",344
"https://github.com/sunniejs/vue-h5-template.git",0
"https://github.com/sunnybarua/node-mongo.git",409
"https://github.com/susurrus-llc/langua.git",0
"https://github.com/sutoiku/formula.js.git",0
"https://github.com/svogk/goit-js-hw-11-timer.git",409
"https://github.com/sycamo/angular-syca.git",0
"https://github.com/t4sk/react-lib.git",
"https://github.com/tabatkins/railroad-diagrams.git",0
"https://github.com/tacoss/mailor.git",0
"https://github.com/tactful-biao/react-start.git",
"https://github.com/talel12/projet.git",0
"https://github.com/tannerlinsley/react-query-devtools.git",0
"https://github.com/tannerlinsley/react-virtual.git",0
"https://github.com/tediousjs/node-mssql.git",0
"https://github.com/tencent/kbone.git",0
"https://github.com/tencent/objectdetection-onestagedet.git",433
"https://github.com/tengbao/vanta.git",0
"https://github.com/tenusha/student-and-instructor-information-system.git",0
"https://github.com/thecats100/hook-test.git",0
"https://github.com/thecodrr/fdir.git",0
"https://github.com/thefrontside/microstates.git",0
"https://github.com/themadcreator/seen.git",0
"https://github.com/therainingmonkey/openbox-configs.git",570
"https://github.com/thesnickersbar/tower-seige-2.git",576
"https://github.com/thiagopaiva99/node-sandbox.git",0
"https://github.com/thomazot/biz-beautyshop.git",0
"https://github.com/thomllobece/nodejs_course_project.git",0
"https://github.com/thoov/ember-cli-search.git",0
"https://github.com/tiagols/r-app.git",0
"https://github.com/timbaobjects/birthregistration.git",0
"https://github.com/timcowlishaw/marco.git",0
"https://github.com/timeakovacs86/thorin-and-company2020.git",0
"https://github.com/tinath1/reversi.git",0
"https://github.com/tlbootcamp/tlroadmap.git",477
"https://github.com/tobspr/shapez.io.git",0
"https://github.com/tomdionysus/foaas.git",0
"https://github.com/tomjhinton/tfrps.git",0
"https://github.com/tomwayson/octane-tech-talk.git",0
"https://github.com/tregelacio/pythonprojects.git",649
"https://github.com/trentnsmith/william-setstatespear-thinkful.git",558
"https://github.com/trijdia/my-first-blog.git",446
"https://github.com/trung2012/techpoint.git",0
"https://github.com/trunks1993/cst-platform.git",0
"https://github.com/tschaub/grunt-newer.git",0
"https://github.com/tsechrist/aireinforcementlearning.git",461
"https://github.com/tshaddix/webext-redux.git",0
"https://github.com/linagora/twake.git",0
"https://github.com/txvoz/booking-server.git",0
"https://github.com/tygs/0bin.git",0
"https://github.com/typestrong/ts-node.git",296
"https://github.com/uber-archive/npm-shrinkwrap.git",0
"https://github.com/uber/react-digraph.git",0
"https://github.com/ugendarkyatham/oshop.git",461
"https://github.com/uki213/sample-app-pwa.git",0
"https://github.com/umikoahagon/umikoahagon.github.io.git",
"https://github.com/unclephil/pikbooth.git",0
"https://github.com/universaldatatool/universal-data-tool.git",0
"https://github.com/unsafeact/nepo.git",
"https://github.com/uxpin/adele.git",0
"https://github.com/vadimdemedes/tailwind-rn.git",0
"https://github.com/valedan/omnireader.git",0
"https://github.com/vault-development/react-native-svg-uri.git",0
"https://github.com/veliovgroup/meteor-files.git",0
"https://github.com/vercel/now-desktop.git",0
"https://github.com/verekia/js-stack-from-scratch.git",0
"https://github.com/verlok/vanilla-lazyload.git",0
"https://github.com/vertjs/ra16-homeworks.git",0
"https://github.com/vfasteng/riftsketchedit.git",0
"https://github.com/vicscott/django.git",461
"https://github.com/viewfinderco/viewfinder.git",461
"https://github.com/vikasrep/book-store.git",0
"https://github.com/vincelwt/raspberrycast.git",0
"https://github.com/viniciusgarciasilva/tv-routine-api.git",0
"https://github.com/vinnyhoward/til.git",0
"https://github.com/violetach/coursera-module4.git",461
"https://github.com/visgl/deck.gl.git",0
"https://github.com/visionmedia/masteringnode.git",0
"https://github.com/vkbansal/react-contextmenu.git",0
"https://github.com/vnekhay/ls.git",447
"https://github.com/volantis-x/hexo-theme-volantis.git",0
"https://github.com/wandevs/wandex-front-end.git",0
"https://github.com/wangbren/web.git",0
"https://github.com/wangtongmeng/front-end-practice.git",0
"https://github.com/wdev007/modulo01-conceitos-nodejs.git",447
"https://github.com/wdk-docs/axios-docs.git",0
"https://github.com/weareoutman/clockpicker.git",0
"https://github.com/webpack/webpack.git",0
"https://github.com/welai/glow-sans.git",0
"https://github.com/wellsn11/be-the-hero.git",0
"https://github.com/wepe/o2o-coupon-usage-forecast.git",462
"https://github.com/wh0ale/src-experience.git",477
"https://github.com/wickynilliams/enquire.js.git",0
"https://github.com/wikimedia/mediawiki-api-demos.git",0
"https://github.com/williamrodz/covid-19-puerto_rico.git",0
"https://github.com/winartoxyz/phpmvc.git",0
"https://github.com/winfrid61/simple-todos.git",477
"https://github.com/woocommerce/flexslider.git",0
"https://github.com/woonglae/udemy_nodejs.git",0
"https://github.com/wordpress-mobile/wordpress-editor-ios.git",0
"https://github.com/wszelag/nebula.git",
"https://github.com/neiapi/nei-toolkit.git",0
"https://github.com/xgabe973/project3.git",0
"https://github.com/booster-labs/rocket-booster.git",477
"https://github.com/xl7dev/burpsuite.git",0
"https://github.com/xroads/site.git",0
"https://github.com/xuanloi1408/react-video-recorder.git",0
"https://github.com/xuluchen/todo.git",478
"https://github.com/xupingmao/xnote.git",0
"https://github.com/yangjiandong/filmaster.git",478
"https://github.com/yangshun/tech-interview-handbook.git",0
"https://github.com/yaty/todolist-archi.git",478
"https://github.com/yemount/pose-animator.git",0
"https://github.com/yeoman/generator-chrome-extension.git",0
"https://github.com/yingkaixiang/vue-component-boilerplate.git",0
"https://github.com/yosefda/tekmo.git",466
"https://github.com/younameit01/hyf-homework-nodejs-3.git",468
"https://github.com/yukitohiroki/newsable.git",0
"https://github.com/yulongkelly/academic-anonymous.git",468
"https://github.com/yumiko2695/yumi-s-house.git",0
"https://github.com/yurtaev/idea-one-dark-theme.git",0
"https://github.com/zatorck/przyklady-vue-kurs.git",468
"https://github.com/zbryikt/plotdb.git",0
"https://github.com/zck119/3dgan-release.git",468
"https://github.com/zdfs/toscani.git",0
"https://github.com/zemuncity/merge-conflicts-suck.git",468
"https://github.com/zgmarijan/gitforteams.git",0
"https://github.com/zhc1998/demo.git",0
"https://github.com/zhuinfo/django-erp.git",468
"https://github.com/ziatahir/node-multiplayer-snake.git",0
"https://github.com/zictcian/angularcs.git",468
"https://github.com/zlebruh/fetch-her.git",0
"https://github.com/zmister2016/mrdoc.git",0
"https://github.com/zone117x/node-open-mining-portal.git",0
"https://github.com/zorancuc/governance-portal.git",0
"https://github.com/zsy1988cool/urule.git",0
"https://github.com/zyeoman/haveiread.git",0
