path,snapshot_id
"libtorrent.svn/bindings/python/simple_client.py",9918346
"libtorrent.svn/bindings/python/client.py",9918469
"test/pyserver/pyserver.py",16348913
"test/pyclient/pyclient.py",16348918
"stardict-tools/src/extractKangXi.py",17987549
"stardict-tools/src/hanzim2dict.py",17987188
"stardict-tools/src/makevietdict.py",17987647
"stardict-tools/src/stmerge.py",17987537
"stardict-tools/src/bgl2stardict.py",17987506
"stardict-tools/src/jm2stardict.py",17987405
"stardict-tools/src/KangXiZiDian-djvu2tiff.py",17987394
"stardict-tools/src/mkguangyunst.py",17987341
"stardict-tools/src/lingea-trd-decoder.py",17987337
"stardict-tools/src/uyghur2dict.py",17987604
"bicli_break.py",21505183
"demo.py",22618663
"demo.py",22618667
"demo.py",22618678
"data/translations/dict/dict_en.py",25463071
"modules/dom/scripts/preprocess.py",25455605
"modules/protobuf/cppgen/scope_service.py",25463081
"modules/hardcore/scripts/tests/cases/TestModuleSources.py",25462356
"modules/probetools/scripts/preprocess_probes.py",25469689
"modules/protobuf/cppgen/cpp.py",25464227
"modules/hardcore/scripts/opera_xmldocumentation.py",25460949
"modules/ecmascript_utils/debugger/python/connection.py",25474121
"modules/pubsuffix/server/converter.py",25456963
"modules/logdoc/src/html5/mktags.py",25468347
"modules/hardcore/scripts/tests/cases/TestJumboCompileUnit.py",25459560
"modules/util/scripts/generate_iso639-2_conversions.py",25474576
"modules/libfreetype/src/tools/docmaker/utils.py",110056
"platforms/flower/module.build/hardcore.flow.py",25467540
"modules/libcrypto/scripts/widget-digsig-ocsp-toolkit/auto.py",25462711
"modules/scope/utils/parser.py",25457896
"modules/ecmascript_utils/debugger/python/position.py",25457380
"modules/ecmascript_utils/debugger/python/ui.py",25468699
"modules/ecmascript_utils/debugger/python/commands/cmd-list.py",25457319
"modules/ecmascript_utils/debugger/python/pollfallback.py",25462121
"data/translations/multi_validator.py",25468883
"platforms/media_backends/libvpx/third_party/googletest/src/scripts/pump.py",2386745
"platforms/media_backends/libvpx/third_party/googletest/src/test/gtest_xml_output_unittest.py",2386553
"modules/ecmascript_utils/debugger/python/message.py",25474460
"modules/hardcore/actions/actions.py",25474333
"modules/ecmascript_utils/debugger/python/esthread.py",25462238
"platforms/quix/module.build/gstreamer.flow.py",25464489
"modules/hardcore/scripts/tests/cases/TestWarningsAndErrors.py",25470492
"data/i18ndata/tables/hkscs.py",25462491
"platforms/flower/main.py",25473940
"modules/ecmascript/carakan/standalone/jsshell-gdb.py",25455057
"platforms/mac/scripts/debugtools/menu.py",25455460
"modules/hardcore/scripts/generate_prefs.py",25471257
"platforms/media_backends/libvpx/third_party/googletest/src/scripts/upload.py",4086
"modules/ecmascript/carakan/src/scripts/es_instructionhandlers.cpp.py",25457695
"modules/ecmascript_utils/debugger/python/script.py",25470378
"modules/protobuf/cppgen/op_message.py",25453853
"platforms/media_backends/libvpx/third_party/googletest/src/test/gtest_color_test.py",4232
"platforms/vega_backends/opengl/scripts/generate_api.py",25457574
"modules/dom/scripts/prototypes.py",25467865
"platforms/media_backends/libvpx/third_party/googletest/src/test/gtest_throw_on_failure_test.py",528024
"platforms/quix/autobench/src/log.py",25470847
"platforms/quix/module.build/autoupdatechecker.flow.py",25469940
"modules/protobuf/cppgen/utils.py",25472113
"data/i18ndata/tables/ksc.py",25467296
"modules/ecmascript_utils/debugger/python/esvalue.py",25457289
"modules/hardcore/scripts/generate_strings.py",25463496
"modules/hardcore/tools/simple-remote-logger.py",25473237
"modules/hardcore/scripts/tests/test.py",25465155
"modules/ecmascript_utils/debugger/python/commands/cmd-show.py",25456921
"adjunct/desktop_util/search/generate_hardcoded_searches.py",25464836
"modules/viewers/src/viewers.py",25461401
"data/translations/format_check.py",25461022
"modules/hardcore/base/tweaks_and_apis.py",25463225
"data/i18ndata/tables/gbk.py",25463992
"platforms/quix/autobench/src/feedback.py",25470953
"data/i18ndata/tables/sbcs.py",25468650
"modules/unicode/scripts/make_proplist.py",25464988
"modules/ecmascript_utils/debugger/python/commands/cmd-help.py",25458679
"platforms/media_backends/libvpx/third_party/googletest/src/test/gtest_xml_outfiles_test.py",1053735
"modules/libcrypto/selftest/gadget_signing_ocsp.ot.generator.py",25457870
"modules/pubsuffix/server/create_signed_files.py",25458646
"platforms/quix/module.build/gstreamer.conf.py",25473394
"data/i18ndata/tables/jis0212.py",25470420
"platforms/flower/module.build/locale.flow.py",25470809
"data/i18ndata/tables/make.py",25473835
"modules/hardcore/scripts/tests/cases/TestTweaksParser.py",25467395
"data/translations/multi_sjoin.py",25462431
"platforms/flower/config.py",25472365
"platforms/windows/operasetup_hack.py",25457203
"modules/libfreetype/src/tools/chktrcmp.py",112260
"platforms/flower/module.build/00-hardcore.conf.py",25467504
"modules/protobuf/cppgen/tests/test_cpp.py",25456812
"modules/ecmascript_utils/debugger/python/tabcompleter.py",25456195
"platforms/media_backends/libvpx/third_party/googletest/src/test/gtest_xml_test_utils.py",2386516
"modules/webfeeds/selftest/generate-readcode.py",25473809
"platforms/quix/module.build/autoupdatechecker.conf.py",25467347
"modules/ecmascript/carakan/src/scripts/mangle-trampolines.py",25467772
"modules/protobuf/cppgen/ext/hob/proto.py",25472858
"modules/protobuf/cppgen/ext/hob/parser.py",25471874
"platforms/flower/module.build/selftest.flow.py",25459238
"modules/hardcore/scripts/operasetup.py",25473484
"modules/logdoc/scripts/generate_entities_init.py",25462975
"modules/logdoc/scripts/mkmarkup.py",25463856
"platforms/media_backends/libvpx/third_party/googletest/src/test/gtest_break_on_failure_unittest.py",906272
"platforms/media_backends/libvpx/third_party/googletest/src/test/gtest_uninitialized_test.py",527992
"modules/libfreetype/src/tools/docmaker/docbeauty.py",87014
"platforms/flower/flow.py",25468917
"modules/libfreetype/src/tools/docmaker/sources.py",125370
"platforms/media_backends/gst/scripts/gstlibs.py",25472838
"platforms/quix/module.build/gcc.conf.py",25470015
"modules/hardcore/scripts/tests/cases/TestSourcesSet.py",25454238
"modules/ecmascript_utils/debugger/python/commands/cmd-backtrace.py",25464096
"modules/protobuf/cppgen/scope_manager.py",25465062
"modules/ecmascript_utils/debugger/python/logger.py",25469143
"platforms/flower/otree.py",25455403
"platforms/media_backends/libvpx/tools/intersect-diffs.py",25464268
"modules/logdoc/src/html5/mkattrs.py",25469054
"modules/idna/tables/make_test_table.py",25472929
"platforms/media_backends/libvpx/third_party/googletest/src/scripts/upload_gtest.py",3888
"modules/unicode/scripts/make_casefold.py",25464049
"modules/unicode/scripts/make_scripts.py",25465106
"modules/ecmascript_utils/debugger/python/commands/cmd-breakpoint.py",25460582
"modules/ecmascript/carakan/src/scripts/es_process_instr.cpp.py",25457930
"modules/ecmascript_utils/debugger/python/commands/cmd-set.py",25468598
"modules/dom/scripts/domsetup.py",25464271
"platforms/quix/module.build/libvpx.conf.py",25469140
"modules/pubsuffix/server/signing.py",25457606
"platforms/quix/module.build/product.flow.py",25460631
"modules/hardcore/opera/opera.py",25461044
"platforms/flower/module.build/00-platform.conf.py",25473341
"modules/pubsuffix/server/license.py",25470082
"modules/libfreetype/src/tools/cordic.py",122467
"modules/libfreetype/src/tools/docmaker/tohtml.py",124229
"modules/pubsuffix/server/create_dist_files.py",25468709
"modules/hardcore/scripts/clexer.py",25461436
"platforms/quix/module.build/search.flow.py",25458921
"modules/ecmascript/carakan/standalone/tests/random-tests.py",25458201
"modules/ecmascript/carakan/src/scripts/es_instruction_string.h.py",25466065
"platforms/quix/module.build/flags.conf.py",25460722
"platforms/flower/output.py",25465741
"platforms/media_backends/libvpx/third_party/googletest/src/scripts/gen_gtest_pred_impl.py",2386792
"data/i18ndata/tables/cns.py",25455983
"modules/svg/scripts/make_pres_attr_table.py",25465583
"platforms/media_backends/gst/scripts/include.py",25473910
"modules/logdoc/src/html5/mkhash.py",25455138
"platforms/flower/module.build/00-flags.conf.py",25455097
"data/i18ndata/tables/jis0208.py",25456596
"platforms/flower/default.py",25460509
"platforms/quix/module.build/toolkits.conf.py",25474275
"platforms/vega_backends/opengl/scripts/compile_shader.py",25467389
"modules/hardcore/scripts/strip_ifdefs.py",25461978
"platforms/quix/autobench/src/opera.py",25454342
"modules/unicode/scripts/make_unicode_linebreak_thai_fallback_data.py",25461943
"modules/protobuf/cppgen/ext/hob/ui.py",25472576
"modules/ecmascript_utils/debugger/python/configuration.py",25473700
"modules/ns4plugins/src/plug-inc/fetch_upstream.py",25456337
"modules/hardcore/scripts/opera_coreversion.py",25468340
"platforms/flower/util.py",25469362
"modules/hardcore/scripts/sourcessetup.py",25461539
"modules/ecmascript_utils/debugger/python/debugger.py",25463065
"modules/libopeay/addon/tools/pruneopenssl.py",25457193
"modules/ecmascript/carakan/src/scripts/instructions.py",25457769
"modules/ecmascript_utils/debugger/python/commands.py",25458935
"modules/hardcore/scripts/module_parser.py",25464074
"modules/logdoc/scripts/mkhash.py",25470380
"modules/logdoc/src/html5/mkerrors.py",25460032
"ubs/common/package/signatures.py",25458620
"modules/protobuf/cppgen/script.py",25458181
"modules/hardcore/tools/update_vcproj.py",25459052
"modules/hardcore/keys/keys.py",25472082
"modules/hardcore/base/system.py",25463436
"modules/stdlib/src/thirdparty_dtoa_floitsch/fetch_upstream.py",25470142
"modules/ecmascript_utils/debugger/python/session.py",25465352
"modules/libfreetype/src/tools/docmaker/content.py",117550
"modules/encodings/scripts/charsets.py",25454372
"ubs/common/package/strip_file.py",25470364
"platforms/quix/module.build/product.conf.py",25455181
"platforms/media_backends/libvpx/third_party/googletest/src/test/gtest_filter_unittest.py",527866
"data/i18ndata/tables/checker.py",25463973
"data/i18ndata/tables/basetable.py",25460358
"modules/protobuf/cppgen/__init__.py",137
"modules/pubsuffix/server/copyfiles.py",25460570
"modules/ecmascript/carakan/src/scripts/es_disassemble_instr.cpp.py",25470067
"modules/hardcore/scripts/buildidentifier.py",25474194
"data/translations/multi_pocount.py",25454304
"modules/logdoc/src/html5/generate_entities_init.py",25470901
"modules/protobuf/cppgen/ext/hob/__init__.py",25469229
"modules/libopeay/create_wrappers.py",25472264
"modules/style/scripts/make_values.py",25472707
"modules/unicode/scripts/make_blocks.py",25461393
"platforms/media_backends/libvpx/third_party/googletest/src/scripts/fuse_gtest_files.py",527958
"modules/ecmascript_utils/debugger/python/commands/cmd-examine.py",25466943
"modules/pubsuffix/server/build_signer.py",25460171
"modules/hardcore/scripts/util.py",25463715
"platforms/paxage/module.build/flow.py",25468111
"modules/libfreetype/src/tools/glnames.py",6077358
"data/i18ndata/tables/tables.py",25458014
"platforms/quix/autobench/src/testmanager.py",25471139
"data/i18ndata/tables/chrtblgen.py",25461842
"data/i18ndata/tables/unibits.py",25464538
"platforms/media_backends/libvpx/third_party/googletest/src/test/gtest_shuffle_test.py",4412
"modules/ecmascript/carakan/standalone/jumbo.py",25458292
"platforms/mac/scripts/buildproject.py",25466932
"data/translations/dict/word.py",25454459
"platforms/flower/module.build/product.flow.py",25461973
"modules/logdoc/scripts/mkerrors.py",25462922
"data/i18ndata/tables/charsetlist.py",25465331
"modules/ecmascript_utils/debugger/python/socketmanager.py",25462619
"modules/ecmascript/carakan/standalone/programs/mjsunit.py",25465821
"platforms/quix/autobench/src/test.py",25468930
"platforms/quix/module.build/pgo.flow.py",25472009
"modules/dom/scripts/keyevent.py",25464736
"data/i18ndata/tables/tableutils.py",25472170
"platforms/media_backends/libvpx/third_party/googletest/src/test/gtest_env_var_test.py",527920
"modules/unicode/scripts/make_joiningtype.py",25473660
"modules/libfreetype/src/tools/docmaker/docmaker.py",91425
"platforms/media_backends/libvpx/third_party/googletest/src/test/gtest_catch_exceptions_test.py",2386618
"modules/style/scripts/make_properties.py",25454629
"modules/dom/scripts/generate_domsuspendcallback_inc.py",25467492
"modules/hardcore/scripts/generate_protobuf.py",25462013
"modules/hardcore/scripts/module_sources.py",25466874
"modules/ecmascript/carakan/src/scripts/es_instruction_data.h.py",25467036
"platforms/media_backends/libvpx/third_party/googletest/src/test/gtest_test_utils.py",2386726
"modules/ecmascript/carakan/src/scripts/es_instruction.h.py",25460953
"modules/ecmascript_utils/debugger/python/esruntime.py",25453753
"modules/geolocation/tools/network_request.py",25460192
"modules/protobuf/cppgen/ext/hob/utils.py",25456579
"modules/libopeay/addon/tools/filelist.py",25470573
"platforms/quix/module.build/libvpx.flow.py",25462055
"modules/hardcore/scripts/generate_selftests.py",25473899
"modules/xpath/selftest/expressions.comparison.number.ot.py",25472692
"platforms/flower/module.build/compile.flow.py",25470210
"platforms/flower/module.build/00-locale.conf.py",25464776
"modules/xpath/selftest/xslt.ot.py",25471376
"modules/libcrypto/scripts/widget-digsig-ocsp-toolkit/CommandLineParameters.py",25465364
"modules/prefsloader/tools/httpd.py",25467292
"data/i18ndata/tables/sources/build_uniblocks.py",25464992
"platforms/vega_backends/opengl/scripts/pack_shaders.py",25466506
"modules/sqlite/update-sqlite.py",25473329
"modules/hardcore/scripts/basesetup.py",25456342
"modules/ecmascript_utils/debugger/python/commands/cmd-continue.py",25469840
"modules/hardcore/base/pchsetup.py",25472395
"platforms/quix/module.build/pgo.conf.py",25467840
"platforms/quix/autobench/src/dispatcher.py",25465676
"modules/hardcore/scripts/generate_viewers.py",25466375
"data/translations/memory.py",25458927
"modules/hardcore/scripts/tests/cases/TestOperaModule.py",25471236
"platforms/windows/vcxproj_update.py",25454405
"platforms/media_backends/libvpx/third_party/googletest/src/test/gtest_list_tests_unittest.py",906422
"modules/scope/utils/markup.py",25462848
"modules/sqlite/mkwrappers.py",25468725
"platforms/media_backends/libvpx/third_party/googletest/src/xcode/Scripts/versiongenerate.py",4139
"platforms/quix/module.build/plugins.conf.py",25469251
"platforms/media_backends/libvpx/tools/wrap-commit-msg.py",6344442
"modules/ecmascript_utils/debugger/python/esobject.py",25454350
"data/i18ndata/tables/tablefile.py",25471737
"modules/dom/scripts/atoms.py",25471754
"platforms/flower/errors.py",25461841
"platforms/media_backends/libvpx/third_party/googletest/src/test/gtest_help_test.py",3854
"modules/protobuf/cppgen/message.py",25465071
"adjunct/widgetruntime/run_selftests.py",25468370
"platforms/mac/scripts/debugtools/TerminalController.py",25467621
"modules/logdoc/scripts/make_string_tables.py",25455195
"platforms/quix/module.build/platform.conf.py",25454035
"modules/protobuf/cppgen/extension.py",25457868
"data/translations/polib.py",25469447
"platforms/quix/module.build/hardcore.flow.py",25473200
"data/i18ndata/tables/platform.py",25454367
"modules/ecmascript_utils/debugger/python/examiner.py",25455473
"modules/libfreetype/src/tools/docmaker/formatter.py",118115
"platforms/flower/module.build/00-core.conf.py",25462375
"modules/hardcore/scripts/opera_module.py",25468555
"platforms/quix/module.build/locale.conf.py",25471394
"data/translations/create-db-from-po.py",25473049
"platforms/quix/module.build/hardcore.conf.py",25459812
"platforms/quix/autobench/src/process.py",25469492
"modules/libcrypto/scripts/widget-digsig-ocsp-toolkit/Timer.py",25467669
"modules/hardcore/mh/messages.py",25473635
"platforms/paxage/module.build/conf.py",25471021
"modules/idna/tables/make_exceptions.py",25473411
"platforms/media_backends/libvpx/third_party/googletest/src/test/gtest_output_test.py",862394
"data/translations/insert_translations.py",25468556
"modules/pubsuffix/server/readme.py",25458911
"data/i18ndata/tables/big5.py",25473911
"modules/hardcore/scripts/stash_defines.py",25469137
"modules/ecmascript_utils/debugger/python/commands/cmd-print.py",25461212
"modules/ecmascript_utils/debugger/python/breakpoint.py",25462008
"platforms/flower/module.build/00-gcc.conf.py",25472944
"modules/hardcore/features/features.py",25473005
"modules/hardcore/scripts/preprocess.py",25459508
"platforms/quix/autobench/autobench.py",25467868
"modules/ecmascript_utils/debugger/python/commands/cmd-simple.py",25458575
"modules/ecmascript_utils/debugger/python/main.py",25466346
"platforms/quix/autobench/src/headless.py",25461686
"platforms/flower/module.build/00-product.conf.py",25465445
"modules/ecmascript/carakan/standalone/tests/bench.py",25470667
"jlafont/weapons/weaponGenerator.py",27658313
"jlafont/weapon_results/resultGenerator.py",27658305
"jlafont/names/nameGenerator.py",27658324
"jmeowmeow/source/tpnames/names.py",27658312
"jmeowmeow/appengine/tpnames/names.py",27658312
"jmeowmeow/appengine/tpnames/tpnames.py",27658322
"jmeowmeow/appengine/tpnames/names.pyc",27658321
"jlafont/weapon_results/resultGenerator.py",27658305
"jlafont/weapons/weaponGenerator.py",27658313
"jlafont/names/nameGenerator.py",27658324
"jmeowmeow/appengine/tpnames/names.py",27658312
"jmeowmeow/source/tpnames/names.py",27658312
"jmeowmeow/appengine/tpnames/tpnames.py",27658322
"jmeowmeow/appengine/tpnames/names.pyc",27658321
"appengine/tpnames/names.pyc",27658321
"appengine/tpnames/names.py",27658312
"appengine/tpnames/tpnames.py",27658322
"source/tpnames/names.py",27658312
"appengine/tpnames/names.py",27658336
"appengine/tpnames/names.pyc",27658337
"appengine/tpnames/tpnames.py",27658335
"source/tpnames/names.py",27658336
"pio/pio.py",28264317
"pio/ftpfs.py",28264320
"pio/sshfs.py",28264319
"pfoto/config.py",28264657
"pfoto/image_functions.py",28264572
"pfoto/fluid.py",28264757
"pfoto/file_op.py",28264725
"pfoto/image_browser.py",28264541
"funambol-sdk/build/win32/gentests.py",28269656
"test-client.py",28270480
"test-client.py",28270526
"limits.py",28271473
"test.py",28271606
"obsolete/lughat.py",28271608
"obsolete/chaap-old.py",28271591
"setup.py",28271574
"obsolete/chaap-xml.py",28271620
"justan.py",28271597
"convert.py",28271609
"chaap.py",28271612
"justan.py",28271597
"test.py",28271606
"chaap.py",28271624
"obsolete/chaap-xml.py",28271620
"obsolete/chaap-old.py",28271591
"convert.py",28271609
"setup.py",28271574
"obsolete/lughat.py",28271608
"convert.py",28271631
"setup.py",28271629
"justan.py",28271628
"chaap.py",28271627
"api/sphinxapi.py",28272555
"api/test.py",28272609
"api/test2.py",13950995
"__init__.py",30063004
"gtagsdata.py",31021025
"gtags_vim.py",31021038
"testdata/test_code.py",31021061
"rtags.py",31021051
"etags_to_tags_unittest.py",31021086
"gtags.py",31021090
"etags_to_tags.py",31021060
"local_gentags.py",31021109
"gentags.py",31021127
"gentags.py",31021130
"gentags.py",31021131
"gtags_vim.py",31021136
"gentags.py",31021143
"gtags_vim.py",31021170
"etags_to_tags.py",31021162
"gtags.py",31021140
"rtags.py",31021144
"etags_to_tags_unittest.py",31021142
"src/extern/corona/vc7/dist.py",31035341
"src/extern/corona/vc6/dist.py",31037963
"scripts/dojob.py",32804717
"scripts/dojob.py",32804735
"python/affogatoInit.py",32804751
"tests/python/highgui/works.py",12025536
"tests/python/highgui/cvCaptureFromFileUYVY.py",16806467
"tests/python/highgui/size_wmv9.py",12020611
"interfaces/swig/python/__init__.py",12031693
"tests/python/highgui/query_huffyuv.py",12029807
"tests/python/highgui/frames.py",12041924
"samples/python/inpaint.py",16806514
"samples/python/edge.py",12032262
"samples/python/logpolar.py",12039448
"samples/python/laplace.py",16806652
"tests/python/highgui/cvLoadImageBMP.py",12030244
"tests/python/highgui/size_cinepak.py",12026086
"tests/python/highgui/seek_frame_huffyuv.py",12030628
"utils/dos2unix.py",16806426
"interfaces/swig/python/adaptors.py",34031250
"samples/python/minarea.py",12020864
"tests/python/highgui/cvLoadImage.py",28225529
"samples/python/capture-cam.py",12028673
"tests/python/highgui/seek_frame_indeo.py",12038528
"tests/python/highgui/cvGetSetTrackbarPos.py",28225436
"tests/python/highgui/cvInitSystem.py",28225600
"tests/python/highgui/seek_time_uncompressed.py",12021790
"tests/python/highgui/size_dv_pal_progressive_avi.py",12043424
"tests/python/highgui/size_uncompressed.py",12023906
"tests/python/highgui/cvCreateFileCapture.py",28225463
"tests/python/highgui/cvSaveImage.py",28225615
"utils/extract_aliases.py",16806453
"tests/python/highgui/query_uncompressed.py",12023032
"tests/python/highgui/cvGrabFrame.py",28225433
"tests/python/highgui/seek_frame_3gp.py",12029830
"tests/python/highgui/query_indeo.py",12033492
"samples/python/chessboard.py",12043433
"utils/search_leaks.py",16806574
"tests/python/highgui/cvNamedWindow.py",28225471
"tests/python/highgui/seek_frame_bmp24.py",12036981
"tests/python/highgui/seek_frame_wmv9.py",12043674
"samples/python/squares.py",12031599
"tests/python/highgui/cvCaptureFromFileRGB.py",16806703
"tests/python/highgui/seek_time_dv_pal_progressive_avi.py",12029135
"tests/python/highgui/cvCreateFileCaptureRGBA.py",12023610
"utils/make_index.py",12029625
"samples/python/distrans.py",12029811
"samples/python/fitellipse.py",12032695
"tests/python/highgui/seek_time_wmv9.py",12033656
"tests/python/highgui/cvCaptureFromFile.py",28231977
"tests/python/highgui/seek_frame_uncompressed.py",12027617
"tests/python/highgui/cvMoveResizeWindow.py",28225590
"tests/python/highgui/cvCreateFileCaptureYVU9.py",12025294
"tests/python/highgui/cvLoadImagePNG.py",12026256
"tests/python/highgui/size_test.py",28225484
"tests/python/highgui/seek_frame_dv_pal_progressive_avi.py",12025550
"tests/python/highgui/query_wmv9.py",12037395
"samples/python/cam-histo.py",12038044
"samples/python/motempl.py",16806590
"tests/python/highgui/cvLoadImageJPG.py",12030371
"utils/unix2dos.py",16806614
"tests/python/highgui/seek_time_huffyuv.py",12043360
"samples/python/contours.py",12036834
"samples/python/minidemo.py",16806563
"tests/python/highgui/size_3gp.py",12038814
"tests/python/highgui/cvCreateFileCaptureUYVY.py",12044313
"interfaces/swig/python/setup-for-win.py",16806600
"tests/python/highgui/size_dv_pal_progressive_dv.py",12020925
"utils/extract_constants.py",16806701
"tests/python/highgui/cvCaptureFromFileYV16.py",16806644
"tests/python/highgui/query_cinepak.py",12037066
"tests/python/highgui/cvLoadImagePPM.py",12029964
"tests/python/highgui/cvCreateFileCaptureY8.py",12035356
"samples/python/convexhull.py",12042015
"tests/python/highgui/cvCreateFileCaptureYV16.py",12030223
"tests/python/highgui/seek_frame_cinepak.py",12029121
"samples/python/drawing.py",12034919
"tests/python/highgui/cvSetMouseCallback.py",28225573
"utils/check_doc.py",12040769
"samples/python/kmeans.py",16806438
"tests/python/highgui/size_huffyuv.py",12040552
"tests/python/highgui/query_bmp24.py",12028802
"tests/python/highgui/seek_frame_divx.py",12041936
"tests/python/highgui/size_bmp24.py",12040516
"tests/python/highgui/seek_time_divx.py",12031478
"tests/python/highgui/match.py",28225439
"tests/python/highgui/cvCaptureFromFileYV12.py",16806509
"tests/python/highgui/cvGetWindowHandleName.py",28225481
"tests/python/highgui/cvGetCaptureProperty.py",28231855
"tests/python/highgui/cvShowImage.py",28225506
"interfaces/ipp/make_def.py",28232010
"tests/python/highgui/size_mpeg4.py",12034301
"tests/python/highgui/cvCaptureFromFileYUY2.py",16806715
"tests/python/highgui/seek_time_indeo.py",12043504
"tests/python/highgui/seek_time_bmp32.py",12022204
"samples/python/pyramid_segmentation.py",12041228
"tests/python/highgui/seek_frame_dv_pal_progressive_dv.py",12024659
"tests/python/highgui/size_divx.py",12042658
"tests/python/highgui/seek_time_cinepak.py",12042579
"tests/python/highgui/size_bmp32.py",12023567
"samples/python/morphology.py",12043569
"utils/extract_doublepointers.py",12034348
"tests/python/highgui/cvCreateTrackbar.py",28225584
"tests/python/highgui/cvCreateFileCaptureYV12.py",12032305
"tests/python/highgui/cvCreateFileCaptureYUY2.py",12033362
"samples/python/kalman.py",16806729
"utils/cvarr_operators.py",34031292
"samples/python/houghlines.py",12042983
"tests/python/highgui/cvCaptureFromFileRGBA.py",16806612
"tests/python/highgui/seek_time_3gp.py",12042011
"tests/python/highgui/query_3gp.py",12030897
"utils/extract_macros.py",16806538
"tests/python/highgui/query_bmp32.py",12036630
"tests/python/test_adaptors.py",28225486
"tests/python/highgui/query_divx.py",12036420
"samples/python/dft.py",16806457
"tests/python/highgui/query_test.py",28225568
"interfaces/swig/python/matlab_syntax.py",12026589
"tests/python/highgui/cvCaptureFromFileY8.py",16806508
"tests/python/highgui/cvQueryFrame.py",28225548
"tests/python/highgui/cvLoadImageSR.py",12024335
"utils/gen_make.py",16806579
"samples/python/demhist.py",12040470
"samples/python/watershed.py",12042280
"tests/python/highgui/cvCaptureFromFileYVU9.py",16806562
"tests/python/highgui/cvLoadImageTIFF.py",12044279
"tests/python/highgui/seek_time_mpeg4.py",12023022
"tests/python/highgui/query_mpeg4.py",12043215
"tests/python/highgui/cvRetrieveFrame.py",28225602
"interfaces/swig/python/highgui.py",34030316
"samples/python/facedetect.py",28225612
"samples/python/ffilldemo.py",12030794
"samples/python/lkdemo.py",16806690
"interfaces/swig/python/cv.py",34030532
"tests/python/highgui/seek_test.py",28225574
"tests/python/highgui/query_dv_pal_progressive_avi.py",12026471
"tests/python/highgui/cvWaitKey.py",28225508
"tests/python/highgui/seek_frame_bmp32.py",12024767
"interfaces/swig/python/ml.py",34030578
"utils/cvt_xml2xml.py",16806595
"tests/python/highgui/seek_time_dv_pal_progressive_dv.py",12028593
"tests/python/highgui/size_indeo.py",12021032
"tests/python/highgui/seek_time_bmp24.py",12023007
"tests/python/highgui/query_dv_pal_progressive_dv.py",12032363
"tests/python/highgui/seek_frame_mpeg4.py",12044061
"samples/python/delaunay.py",12028596
"tests/python/highgui/cvCreateFileCaptureRGB.py",12024445
"src/image_transport_tutorial/cfg/MyStuffConfig.py",34331589
"not_used/setup.py",34421064
"test/test.py",34421072
"not_used/tst.py",34421070
"wrappers/python/tests/test_document.py",35777917
"wrappers/python/tests/progs/pydevbench/prepare_sample_data.py",35777775
"wrappers/python/setup.py",35778066
"wrappers/python/tests/progs/pydevbench/parse_python_dev_archives.py",35777840
"wrappers/python/demo/index_text_files.py",35777855
"wrappers/python/tests/test_analysis.py",35777889
"wrappers/python/tests/progs/pydevbench/find_pyclene_binaries.py",35777980
"wrappers/python/tests/test_prep.py",35777999
"wrappers/python/tests/test_search.py",35777743
"wrappers/python/tests/__init__.py",137
"wrappers/python/tests/test.py",35777883
"wrappers/python/tests/settings.py",35777995
"wrappers/python/mingw_support.py",35777900
"wrappers/python/__init__.py",35778005
"wrappers/python/tests/test_queryparser.py",35777981
"wrappers/python/tests/test_index.py",35777777
"wrappers/python/demo/search_files.py",35777857
"wrappers/python/lucene.py",35777913
"wrappers/python/tests/test_store.py",35777982
"wrappers/python/tests/progs/pydevbench/pydevbench.py",35777845
"wrappers/python/swig_postprocess.py",35777786
"wrappers/python/tests/test_util.py",35777915
"wrappers/python/tests/test_transactional_ram_directory.py",35777809
"wrappers/python/tests/test_base.py",35777884
"wrappers/python/_cl_py.py",35777948
"indra/test/test_llmanifest.py",37241941
"indra/lib/python/indra/llmanifest.py",37243053
"indra/newview/viewer_manifest.py",37242476
"InspectorBrian.py",45242490
"InspectorAlan.py",45242491
"HildonGUI.py",45242493
"GtkGUI.py",45242492
"Reviewer.py",45242494
"Config.py",45242496
"OpenCAL.py",45242495
"ExportXml.py",45242497
"Config.py",45242498
"InspectorAlan.py",45242502
"GtkGUI.py",45242500
"Reviewer.py",45242501
"HildonGUI.py",45242503
"ExportXml.py",45242504
"OpenCAL.py",45242506
"InspectorBrian.py",45242505
"Config.py",45242509
"lib/sxp/writer.py",137
"lib/sxp/reader.py",45283009
"setup.py",45283005
"lib/sxp/__init__.py",45283006
"lib/sxp/symbol.py",45283008
"setup.py",45327255
"build/lib/lettercounter/__init__.py",45327256
"lettercounter/__init__.py",45327256
"piripiri.py",45366584
"kup.py",45371190
"kup.py",45371189
"kup.py",45371190
"kup.py",45371197
"kup.py",45371199
"test.py",45371200
"test.py",45371202
"kup.py",45371203
"lib/server.py",45373104
"lib/server.py",45373106
"lib/auth.py",45373108
"authdb-create.py",45373107
"lib/auth.py",45373109
"lib/auth.py",45373110
"lib/auth.py",45373111
"uri.py",45373219
"uri.py",45373220
"setup.py",45373224
"uri.py",45373230
"tkgraph.py",45373233
"examples/emailtrainer.py",45432342
"reverend/thomas.py",45432345
"examples/emailtrainer.py",45432346
"reverend/guessers/email.py",45432344
"reverend/guessers/email.py",45432350
"reverend/ui/util.py",45432355
"reverend/__init__.py",137
"reverend/ui/trainer.py",45432356
"examples/emailtrainer.py",45432349
"setup.py",45432357
"reverend/ui/__init__.py",137
"reverend/thomas.py",45432352
"reverend/guessers/__init__.py",137
"reverend/ui/tester.py",45432353
"docs/example.py",45459824
"setup.py",45459825
"example.py",45459824
"setup.py",45459828
"setup.py",45459829
"simpleevent.py",45459834
"setup.py",45459833
"setup.py",45484401
"simonblinks/__init__.py",137
"simonblinks/gameEngine.py",45484400
"simonblinks/simonblinks.py",45484403
"src/MSConfig.py",45632790
"src/MSSystray.py",45632793
"src/MSDeviceManager.py",45632794
"src/mount-systray.py",45632804
"pySMPP/smpp.py",45678128
"pySMPP/__init__.py",45678131
"pySMPP/sms.py",45678130
"pySMPP/pdu.py",45678129
"pySMPP/pdu.pyc",45678142
"pySMPP/__init__.pyc",45678140
"examples/demo1.py",45678148
"pySMPP/smpp.py",45678145
"examples/demo3.py",45678141
"pySMPP/sms.py",45678143
"setup.py",45678147
"pySMPP/sms.pyc",45678151
"examples/demo2.py",45678149
"pySMPP/smpp.pyc",45678144
"pySMPP/__init__.py",45678146
"pySMPP/pdu.py",45678150
"setup.py",46017782
"generate_loginconf.py",46017780
"msnmago.py",46017781
"utils.py",46017786
"config.py",46017784
"users.py",46017783
"cmds.py",46017779
"pymaps.py",46066062
"pymaps.py",46066063
"pymaps.py",46066064
"pymaps.py",46066065
"pymaps.py",46066066
"pymaps.py",46066067
"pymaps.py",46066068
"GMailBackup/GMailBackup.py",46147083
"GMailBackup/AWS_Config-sample.py",46147084
"GMailBackup/GMailBackup_Config-sample.py",46147082
"Wifi.py",46155282
"findrox.py",46155378
"Wifi.py",46155365
"constraint.py",43854821
"setup.py",43854801
"examples/sudoku/sudoku.py",43854817
"examples/einstein/einstein.py",43854802
"examples/studentdesks/studentdesks.py",43854816
"examples/wordmath/twotwofour.py",43854807
"setup.py",46453641
"examples/wordmath/seisseisdoze.py",43854766
"examples/queens/queens.py",43854825
"examples/wordmath/sendmoremoney.py",43854839
"examples/coins/coins.py",43854837
"examples/abc/abc.py",43854819
"constraint.py",46453642
"examples/xsum/xsum.py",43854786
"examples/rooks/rooks.py",43854830
"examples/crosswords/crosswords.py",43854780
"servo.py",46483219
"prueba.py",46483224
"prueba.py",46483225
"src/dewey/catalog.py",46641573
"src/dewey/cli.py",46641575
"setup.py",46641574
"src/dewey/catalog.py",46641577
"src/dewey/collection.py",46641584
"src/dewey/__init__.py",46641580
"src/dewey/cli.py",46641581
"src/dewey/indices.py",46641582
"src/dewey/tests/test.py",46641586
"feedutil/templatetags/feedutil.py",46642357
"feedutil/templatetags/feedutil.py",46642358
"feedutil/templatetags/feedutil.py",46642360
"feedutil/templatetags/__init__.py",137
"feedutil/__init__.py",137
